{"errors":[],"warnings":[],"namedChunkGroups":{"app":{"chunks":[6,2],"assets":["webpack-runtime-0f83da89730f58a46926.js","webpack-runtime-0f83da89730f58a46926.js.map","app-4d9e5759e20d9afd32b7.js","app-4d9e5759e20d9afd32b7.js.map"],"children":{},"childAssets":{}},"component---src-templates-page-js":{"chunks":[0,7,1,4],"assets":["0-948e5e6fb45202b92121.js","0-948e5e6fb45202b92121.js.map","7.7a7fd10b08846091aeed.css","7-ca7979e54718b3de7491.js","7-ca7979e54718b3de7491.js.map","1.47163efaa4546c5ed493.css","1-f332ca3b39bdc05fb8b8.js","1-f332ca3b39bdc05fb8b8.js.map","component---src-templates-page-js-14376f4da50017bbfc95.js","component---src-templates-page-js-14376f4da50017bbfc95.js.map"],"children":{},"childAssets":{}},"component---src-pages-404-js":{"chunks":[0,1,3],"assets":["0-948e5e6fb45202b92121.js","0-948e5e6fb45202b92121.js.map","1.47163efaa4546c5ed493.css","1-f332ca3b39bdc05fb8b8.js","1-f332ca3b39bdc05fb8b8.js.map","component---src-pages-404-js-34c161243b4391144eb2.js","component---src-pages-404-js-34c161243b4391144eb2.js.map"],"children":{},"childAssets":{}},"pages-manifest":{"chunks":[5],"assets":["pages-manifest-9e76fbe6d3af60bb4762.js","pages-manifest-9e76fbe6d3af60bb4762.js.map"],"children":{},"childAssets":{}}},"assetsByChunkName":{"app":["webpack-runtime-0f83da89730f58a46926.js","app-4d9e5759e20d9afd32b7.js"],"component---src-templates-page-js":["0-948e5e6fb45202b92121.js","7.7a7fd10b08846091aeed.css","7-ca7979e54718b3de7491.js","1.47163efaa4546c5ed493.css","1-f332ca3b39bdc05fb8b8.js","component---src-templates-page-js-14376f4da50017bbfc95.js"],"component---src-pages-404-js":["0-948e5e6fb45202b92121.js","1.47163efaa4546c5ed493.css","1-f332ca3b39bdc05fb8b8.js","component---src-pages-404-js-34c161243b4391144eb2.js"],"pages-manifest":["pages-manifest-9e76fbe6d3af60bb4762.js"]}}