{"errors":[],"warnings":[],"namedChunkGroups":{"app":{"chunks":[6,2],"assets":["webpack-runtime-6ccac88944a65170a92f.js","webpack-runtime-6ccac88944a65170a92f.js.map","app-208ba67d60c1ca7731c6.js","app-208ba67d60c1ca7731c6.js.map"],"children":{},"childAssets":{}},"component---src-templates-page-js":{"chunks":[0,7,1,4],"assets":["0-a0b161e4f0153c06d9ec.js","0-a0b161e4f0153c06d9ec.js.map","7.7a7fd10b08846091aeed.css","7-ca7979e54718b3de7491.js","7-ca7979e54718b3de7491.js.map","1.47163efaa4546c5ed493.css","1-4037bf80c583ec3e4aba.js","1-4037bf80c583ec3e4aba.js.map","component---src-templates-page-js-14376f4da50017bbfc95.js","component---src-templates-page-js-14376f4da50017bbfc95.js.map"],"children":{},"childAssets":{}},"component---src-pages-404-js":{"chunks":[0,1,3],"assets":["0-a0b161e4f0153c06d9ec.js","0-a0b161e4f0153c06d9ec.js.map","1.47163efaa4546c5ed493.css","1-4037bf80c583ec3e4aba.js","1-4037bf80c583ec3e4aba.js.map","component---src-pages-404-js-34c161243b4391144eb2.js","component---src-pages-404-js-34c161243b4391144eb2.js.map"],"children":{},"childAssets":{}},"pages-manifest":{"chunks":[5],"assets":["pages-manifest-9f7a9dd6b58c1358ee72.js","pages-manifest-9f7a9dd6b58c1358ee72.js.map"],"children":{},"childAssets":{}}},"assetsByChunkName":{"app":["webpack-runtime-6ccac88944a65170a92f.js","app-208ba67d60c1ca7731c6.js"],"component---src-templates-page-js":["0-a0b161e4f0153c06d9ec.js","7.7a7fd10b08846091aeed.css","7-ca7979e54718b3de7491.js","1.47163efaa4546c5ed493.css","1-4037bf80c583ec3e4aba.js","component---src-templates-page-js-14376f4da50017bbfc95.js"],"component---src-pages-404-js":["0-a0b161e4f0153c06d9ec.js","1.47163efaa4546c5ed493.css","1-4037bf80c583ec3e4aba.js","component---src-pages-404-js-34c161243b4391144eb2.js"],"pages-manifest":["pages-manifest-9f7a9dd6b58c1358ee72.js"]}}