{"errors":[],"warnings":[],"namedChunkGroups":{"app":{"chunks":[6,2],"assets":["webpack-runtime-71d73acddeb39e3330ee.js","webpack-runtime-71d73acddeb39e3330ee.js.map","app-e55f70c5a29560fb49c3.js","app-e55f70c5a29560fb49c3.js.map"],"children":{},"childAssets":{}},"component---src-templates-page-js":{"chunks":[0,7,1,4],"assets":["0-69547be51f3688f06822.js","0-69547be51f3688f06822.js.map","7.7a7fd10b08846091aeed.css","7-ca7979e54718b3de7491.js","7-ca7979e54718b3de7491.js.map","1.05737c6aa75caea2cffe.css","1-312d6fb5bc56e5988497.js","1-312d6fb5bc56e5988497.js.map","component---src-templates-page-js-386d7541aacba363110d.js","component---src-templates-page-js-386d7541aacba363110d.js.map"],"children":{},"childAssets":{}},"component---src-pages-404-js":{"chunks":[0,1,3],"assets":["0-69547be51f3688f06822.js","0-69547be51f3688f06822.js.map","1.05737c6aa75caea2cffe.css","1-312d6fb5bc56e5988497.js","1-312d6fb5bc56e5988497.js.map","component---src-pages-404-js-34c161243b4391144eb2.js","component---src-pages-404-js-34c161243b4391144eb2.js.map"],"children":{},"childAssets":{}},"pages-manifest":{"chunks":[5],"assets":["pages-manifest-b9934d03e1687037c732.js","pages-manifest-b9934d03e1687037c732.js.map"],"children":{},"childAssets":{}}},"assetsByChunkName":{"app":["webpack-runtime-71d73acddeb39e3330ee.js","app-e55f70c5a29560fb49c3.js"],"component---src-templates-page-js":["0-69547be51f3688f06822.js","7.7a7fd10b08846091aeed.css","7-ca7979e54718b3de7491.js","1.05737c6aa75caea2cffe.css","1-312d6fb5bc56e5988497.js","component---src-templates-page-js-386d7541aacba363110d.js"],"component---src-pages-404-js":["0-69547be51f3688f06822.js","1.05737c6aa75caea2cffe.css","1-312d6fb5bc56e5988497.js","component---src-pages-404-js-34c161243b4391144eb2.js"],"pages-manifest":["pages-manifest-b9934d03e1687037c732.js"]}}