{"errors":[],"warnings":[],"namedChunkGroups":{"app":{"chunks":[6,2],"assets":["webpack-runtime-1363a5c97e0d4b80d8e1.js","webpack-runtime-1363a5c97e0d4b80d8e1.js.map","app-5fe9e1294669b6cfbbdf.js","app-5fe9e1294669b6cfbbdf.js.map"],"children":{},"childAssets":{}},"component---src-templates-page-js":{"chunks":[0,7,1,4],"assets":["0-ea7654e94f3e65a03ca6.js","0-ea7654e94f3e65a03ca6.js.map","7.7a7fd10b08846091aeed.css","7-ca7979e54718b3de7491.js","7-ca7979e54718b3de7491.js.map","1.47163efaa4546c5ed493.css","1-3e41cf15f2693f70fcf7.js","1-3e41cf15f2693f70fcf7.js.map","component---src-templates-page-js-14376f4da50017bbfc95.js","component---src-templates-page-js-14376f4da50017bbfc95.js.map"],"children":{},"childAssets":{}},"component---src-pages-404-js":{"chunks":[0,1,3],"assets":["0-ea7654e94f3e65a03ca6.js","0-ea7654e94f3e65a03ca6.js.map","1.47163efaa4546c5ed493.css","1-3e41cf15f2693f70fcf7.js","1-3e41cf15f2693f70fcf7.js.map","component---src-pages-404-js-34c161243b4391144eb2.js","component---src-pages-404-js-34c161243b4391144eb2.js.map"],"children":{},"childAssets":{}},"pages-manifest":{"chunks":[5],"assets":["pages-manifest-4d6af207490fd7dc8e3d.js","pages-manifest-4d6af207490fd7dc8e3d.js.map"],"children":{},"childAssets":{}}},"assetsByChunkName":{"app":["webpack-runtime-1363a5c97e0d4b80d8e1.js","app-5fe9e1294669b6cfbbdf.js"],"component---src-templates-page-js":["0-ea7654e94f3e65a03ca6.js","7.7a7fd10b08846091aeed.css","7-ca7979e54718b3de7491.js","1.47163efaa4546c5ed493.css","1-3e41cf15f2693f70fcf7.js","component---src-templates-page-js-14376f4da50017bbfc95.js"],"component---src-pages-404-js":["0-ea7654e94f3e65a03ca6.js","1.47163efaa4546c5ed493.css","1-3e41cf15f2693f70fcf7.js","component---src-pages-404-js-34c161243b4391144eb2.js"],"pages-manifest":["pages-manifest-4d6af207490fd7dc8e3d.js"]}}