{"errors":[],"warnings":[],"namedChunkGroups":{"app":{"chunks":[6,2],"assets":["webpack-runtime-9e75eb0893429d3b4099.js","webpack-runtime-9e75eb0893429d3b4099.js.map","app-b2d8e38ddbb1076a7a2e.js","app-b2d8e38ddbb1076a7a2e.js.map"],"children":{},"childAssets":{}},"component---src-templates-page-js":{"chunks":[0,7,1,4],"assets":["0-c3ab7516df6aa176ac5f.js","0-c3ab7516df6aa176ac5f.js.map","7.7a7fd10b08846091aeed.css","7-ca7979e54718b3de7491.js","7-ca7979e54718b3de7491.js.map","1.47163efaa4546c5ed493.css","1-29f09eff4f06159aa125.js","1-29f09eff4f06159aa125.js.map","component---src-templates-page-js-14376f4da50017bbfc95.js","component---src-templates-page-js-14376f4da50017bbfc95.js.map"],"children":{},"childAssets":{}},"component---src-pages-404-js":{"chunks":[0,1,3],"assets":["0-c3ab7516df6aa176ac5f.js","0-c3ab7516df6aa176ac5f.js.map","1.47163efaa4546c5ed493.css","1-29f09eff4f06159aa125.js","1-29f09eff4f06159aa125.js.map","component---src-pages-404-js-34c161243b4391144eb2.js","component---src-pages-404-js-34c161243b4391144eb2.js.map"],"children":{},"childAssets":{}},"pages-manifest":{"chunks":[5],"assets":["pages-manifest-87ba00516f104c0077b7.js","pages-manifest-87ba00516f104c0077b7.js.map"],"children":{},"childAssets":{}}},"assetsByChunkName":{"app":["webpack-runtime-9e75eb0893429d3b4099.js","app-b2d8e38ddbb1076a7a2e.js"],"component---src-templates-page-js":["0-c3ab7516df6aa176ac5f.js","7.7a7fd10b08846091aeed.css","7-ca7979e54718b3de7491.js","1.47163efaa4546c5ed493.css","1-29f09eff4f06159aa125.js","component---src-templates-page-js-14376f4da50017bbfc95.js"],"component---src-pages-404-js":["0-c3ab7516df6aa176ac5f.js","1.47163efaa4546c5ed493.css","1-29f09eff4f06159aa125.js","component---src-pages-404-js-34c161243b4391144eb2.js"],"pages-manifest":["pages-manifest-87ba00516f104c0077b7.js"]}}