{"errors":[],"warnings":[],"namedChunkGroups":{"app":{"chunks":[6,2],"assets":["webpack-runtime-fd52ea486e235f0c4050.js","webpack-runtime-fd52ea486e235f0c4050.js.map","app-337b522d954e3b1396b4.js","app-337b522d954e3b1396b4.js.map"],"children":{},"childAssets":{}},"component---src-templates-page-js":{"chunks":[0,7,1,4],"assets":["0-f5a4f19ea064d3164d57.js","0-f5a4f19ea064d3164d57.js.map","7.7a7fd10b08846091aeed.css","7-ca7979e54718b3de7491.js","7-ca7979e54718b3de7491.js.map","1.47163efaa4546c5ed493.css","1-6a2d9de3b3fa6d021283.js","1-6a2d9de3b3fa6d021283.js.map","component---src-templates-page-js-14376f4da50017bbfc95.js","component---src-templates-page-js-14376f4da50017bbfc95.js.map"],"children":{},"childAssets":{}},"component---src-pages-404-js":{"chunks":[0,1,3],"assets":["0-f5a4f19ea064d3164d57.js","0-f5a4f19ea064d3164d57.js.map","1.47163efaa4546c5ed493.css","1-6a2d9de3b3fa6d021283.js","1-6a2d9de3b3fa6d021283.js.map","component---src-pages-404-js-34c161243b4391144eb2.js","component---src-pages-404-js-34c161243b4391144eb2.js.map"],"children":{},"childAssets":{}},"pages-manifest":{"chunks":[5],"assets":["pages-manifest-0f680e350bc56c6eba30.js","pages-manifest-0f680e350bc56c6eba30.js.map"],"children":{},"childAssets":{}}},"assetsByChunkName":{"app":["webpack-runtime-fd52ea486e235f0c4050.js","app-337b522d954e3b1396b4.js"],"component---src-templates-page-js":["0-f5a4f19ea064d3164d57.js","7.7a7fd10b08846091aeed.css","7-ca7979e54718b3de7491.js","1.47163efaa4546c5ed493.css","1-6a2d9de3b3fa6d021283.js","component---src-templates-page-js-14376f4da50017bbfc95.js"],"component---src-pages-404-js":["0-f5a4f19ea064d3164d57.js","1.47163efaa4546c5ed493.css","1-6a2d9de3b3fa6d021283.js","component---src-pages-404-js-34c161243b4391144eb2.js"],"pages-manifest":["pages-manifest-0f680e350bc56c6eba30.js"]}}