{"errors":[],"warnings":[],"namedChunkGroups":{"app":{"chunks":[6,2],"assets":["webpack-runtime-babe3bc0207029686d70.js","webpack-runtime-babe3bc0207029686d70.js.map","app-30bc19ddd60703563e88.js","app-30bc19ddd60703563e88.js.map"],"children":{},"childAssets":{}},"component---src-templates-page-js":{"chunks":[0,7,1,4],"assets":["0-e5a7b862800548f1bec4.js","0-e5a7b862800548f1bec4.js.map","7.7a7fd10b08846091aeed.css","7-ca7979e54718b3de7491.js","7-ca7979e54718b3de7491.js.map","1.47163efaa4546c5ed493.css","1-46ecfbd33193e629be5b.js","1-46ecfbd33193e629be5b.js.map","component---src-templates-page-js-14376f4da50017bbfc95.js","component---src-templates-page-js-14376f4da50017bbfc95.js.map"],"children":{},"childAssets":{}},"component---src-pages-404-js":{"chunks":[0,1,3],"assets":["0-e5a7b862800548f1bec4.js","0-e5a7b862800548f1bec4.js.map","1.47163efaa4546c5ed493.css","1-46ecfbd33193e629be5b.js","1-46ecfbd33193e629be5b.js.map","component---src-pages-404-js-34c161243b4391144eb2.js","component---src-pages-404-js-34c161243b4391144eb2.js.map"],"children":{},"childAssets":{}},"pages-manifest":{"chunks":[5],"assets":["pages-manifest-fcf0897be95e434765d4.js","pages-manifest-fcf0897be95e434765d4.js.map"],"children":{},"childAssets":{}}},"assetsByChunkName":{"app":["webpack-runtime-babe3bc0207029686d70.js","app-30bc19ddd60703563e88.js"],"component---src-templates-page-js":["0-e5a7b862800548f1bec4.js","7.7a7fd10b08846091aeed.css","7-ca7979e54718b3de7491.js","1.47163efaa4546c5ed493.css","1-46ecfbd33193e629be5b.js","component---src-templates-page-js-14376f4da50017bbfc95.js"],"component---src-pages-404-js":["0-e5a7b862800548f1bec4.js","1.47163efaa4546c5ed493.css","1-46ecfbd33193e629be5b.js","component---src-pages-404-js-34c161243b4391144eb2.js"],"pages-manifest":["pages-manifest-fcf0897be95e434765d4.js"]}}