{"errors":[],"warnings":[],"namedChunkGroups":{"app":{"chunks":[6,2],"assets":["webpack-runtime-35353e9c1119274f7b89.js","webpack-runtime-35353e9c1119274f7b89.js.map","app-3fd8cd1158e06fb3222f.js","app-3fd8cd1158e06fb3222f.js.map"],"children":{},"childAssets":{}},"component---src-templates-page-js":{"chunks":[0,7,1,4],"assets":["0-98f85d0e0e68a442b123.js","0-98f85d0e0e68a442b123.js.map","7.7a7fd10b08846091aeed.css","7-ca7979e54718b3de7491.js","7-ca7979e54718b3de7491.js.map","1.47163efaa4546c5ed493.css","1-3237c63058a8804f38ec.js","1-3237c63058a8804f38ec.js.map","component---src-templates-page-js-14376f4da50017bbfc95.js","component---src-templates-page-js-14376f4da50017bbfc95.js.map"],"children":{},"childAssets":{}},"component---src-pages-404-js":{"chunks":[0,1,3],"assets":["0-98f85d0e0e68a442b123.js","0-98f85d0e0e68a442b123.js.map","1.47163efaa4546c5ed493.css","1-3237c63058a8804f38ec.js","1-3237c63058a8804f38ec.js.map","component---src-pages-404-js-34c161243b4391144eb2.js","component---src-pages-404-js-34c161243b4391144eb2.js.map"],"children":{},"childAssets":{}},"pages-manifest":{"chunks":[5],"assets":["pages-manifest-6a03a7d8f179e4577963.js","pages-manifest-6a03a7d8f179e4577963.js.map"],"children":{},"childAssets":{}}},"assetsByChunkName":{"app":["webpack-runtime-35353e9c1119274f7b89.js","app-3fd8cd1158e06fb3222f.js"],"component---src-templates-page-js":["0-98f85d0e0e68a442b123.js","7.7a7fd10b08846091aeed.css","7-ca7979e54718b3de7491.js","1.47163efaa4546c5ed493.css","1-3237c63058a8804f38ec.js","component---src-templates-page-js-14376f4da50017bbfc95.js"],"component---src-pages-404-js":["0-98f85d0e0e68a442b123.js","1.47163efaa4546c5ed493.css","1-3237c63058a8804f38ec.js","component---src-pages-404-js-34c161243b4391144eb2.js"],"pages-manifest":["pages-manifest-6a03a7d8f179e4577963.js"]}}