{"errors":[],"warnings":[],"namedChunkGroups":{"app":{"chunks":[6,2],"assets":["webpack-runtime-a4eec0a4f50deb2156b4.js","webpack-runtime-a4eec0a4f50deb2156b4.js.map","app-d9946ffcd3ac6a1c74e2.js","app-d9946ffcd3ac6a1c74e2.js.map"],"children":{},"childAssets":{}},"component---src-templates-page-js":{"chunks":[0,7,1,4],"assets":["0-1f762694d71bc815ea4d.js","0-1f762694d71bc815ea4d.js.map","7.7a7fd10b08846091aeed.css","7-ca7979e54718b3de7491.js","7-ca7979e54718b3de7491.js.map","1.47163efaa4546c5ed493.css","1-ed90d2cd4b1f1212d3e6.js","1-ed90d2cd4b1f1212d3e6.js.map","component---src-templates-page-js-14376f4da50017bbfc95.js","component---src-templates-page-js-14376f4da50017bbfc95.js.map"],"children":{},"childAssets":{}},"component---src-pages-404-js":{"chunks":[0,1,3],"assets":["0-1f762694d71bc815ea4d.js","0-1f762694d71bc815ea4d.js.map","1.47163efaa4546c5ed493.css","1-ed90d2cd4b1f1212d3e6.js","1-ed90d2cd4b1f1212d3e6.js.map","component---src-pages-404-js-34c161243b4391144eb2.js","component---src-pages-404-js-34c161243b4391144eb2.js.map"],"children":{},"childAssets":{}},"pages-manifest":{"chunks":[5],"assets":["pages-manifest-9fc188e9961ea6159de3.js","pages-manifest-9fc188e9961ea6159de3.js.map"],"children":{},"childAssets":{}}},"assetsByChunkName":{"app":["webpack-runtime-a4eec0a4f50deb2156b4.js","app-d9946ffcd3ac6a1c74e2.js"],"component---src-templates-page-js":["0-1f762694d71bc815ea4d.js","7.7a7fd10b08846091aeed.css","7-ca7979e54718b3de7491.js","1.47163efaa4546c5ed493.css","1-ed90d2cd4b1f1212d3e6.js","component---src-templates-page-js-14376f4da50017bbfc95.js"],"component---src-pages-404-js":["0-1f762694d71bc815ea4d.js","1.47163efaa4546c5ed493.css","1-ed90d2cd4b1f1212d3e6.js","component---src-pages-404-js-34c161243b4391144eb2.js"],"pages-manifest":["pages-manifest-9fc188e9961ea6159de3.js"]}}