{"errors":[],"warnings":[],"namedChunkGroups":{"app":{"chunks":[6,2],"assets":["webpack-runtime-9771fc85370bdf8e7793.js","webpack-runtime-9771fc85370bdf8e7793.js.map","app-aa77cf6def27e063052b.js","app-aa77cf6def27e063052b.js.map"],"children":{},"childAssets":{}},"component---src-templates-page-js":{"chunks":[0,7,1,4],"assets":["0-6a7ed244c3af9bed3e2b.js","0-6a7ed244c3af9bed3e2b.js.map","7.7a7fd10b08846091aeed.css","7-ca7979e54718b3de7491.js","7-ca7979e54718b3de7491.js.map","1.47163efaa4546c5ed493.css","1-5d6966be76026af11d46.js","1-5d6966be76026af11d46.js.map","component---src-templates-page-js-14376f4da50017bbfc95.js","component---src-templates-page-js-14376f4da50017bbfc95.js.map"],"children":{},"childAssets":{}},"component---src-pages-404-js":{"chunks":[0,1,3],"assets":["0-6a7ed244c3af9bed3e2b.js","0-6a7ed244c3af9bed3e2b.js.map","1.47163efaa4546c5ed493.css","1-5d6966be76026af11d46.js","1-5d6966be76026af11d46.js.map","component---src-pages-404-js-34c161243b4391144eb2.js","component---src-pages-404-js-34c161243b4391144eb2.js.map"],"children":{},"childAssets":{}},"pages-manifest":{"chunks":[5],"assets":["pages-manifest-11d317226ab30a0fd9c6.js","pages-manifest-11d317226ab30a0fd9c6.js.map"],"children":{},"childAssets":{}}},"assetsByChunkName":{"app":["webpack-runtime-9771fc85370bdf8e7793.js","app-aa77cf6def27e063052b.js"],"component---src-templates-page-js":["0-6a7ed244c3af9bed3e2b.js","7.7a7fd10b08846091aeed.css","7-ca7979e54718b3de7491.js","1.47163efaa4546c5ed493.css","1-5d6966be76026af11d46.js","component---src-templates-page-js-14376f4da50017bbfc95.js"],"component---src-pages-404-js":["0-6a7ed244c3af9bed3e2b.js","1.47163efaa4546c5ed493.css","1-5d6966be76026af11d46.js","component---src-pages-404-js-34c161243b4391144eb2.js"],"pages-manifest":["pages-manifest-11d317226ab30a0fd9c6.js"]}}